Date,Wash_Plant,Style,PO,Color,Plan_Input,Plan_Output
2026-09-16,CWL-1,ST-4412 Dark Stone,PO-77101,Dark Blue,2241,0
2026-09-16,CWL-1,ST-4430 Mid Blue,PO-77210,Mid Blue,2032,0
2026-09-16,CWL-1,ST-5120 Acid Blast,PO-88010,Acid Black,1194,0
2026-09-17,CWL-1,ST-4412 Dark Stone,PO-77101,Dark Blue,3810,0
2026-09-17,CWL-1,ST-4430 Mid Blue,PO-77210,Mid Blue,3454,0
2026-09-17,CWL-1,ST-5120 Acid Blast,PO-88010,Acid Black,2030,0
2026-09-18,CWL-1,ST-4412 Dark Stone,PO-77101,Dark Blue,5379,2241
2026-09-18,CWL-1,ST-4430 Mid Blue,PO-77210,Mid Blue,4876,2032
2026-09-18,CWL-1,ST-5120 Acid Blast,PO-88010,Acid Black,2866,1194
2026-09-19,CWL-1,ST-4412 Dark Stone,PO-77101,Dark Blue,6948,3810
2026-09-19,CWL-1,ST-4430 Mid Blue,PO-77210,Mid Blue,6298,3454
2026-09-19,CWL-1,ST-5120 Acid Blast,PO-88010,Acid Black,3702,2030
2026-09-20,CWL-1,ST-4412 Dark Stone,PO-77101,Dark Blue,6948,5379
2026-09-20,CWL-1,ST-4430 Mid Blue,PO-77210,Mid Blue,6298,4876
2026-09-20,CWL-1,ST-5120 Acid Blast,PO-88010,Acid Black,3702,2866
2026-09-21,CWL-1,ST-4412 Dark Stone,PO-77101,Dark Blue,6948,6948
2026-09-21,CWL-1,ST-4430 Mid Blue,PO-77210,Mid Blue,6298,6298
2026-09-21,CWL-1,ST-5120 Acid Blast,PO-88010,Acid Black,3702,3702
2026-09-22,CWL-1,ST-4412 Dark Stone,PO-77101,Dark Blue,6948,6948
2026-09-22,CWL-1,ST-4430 Mid Blue,PO-77210,Mid Blue,6298,6298
2026-09-22,CWL-1,ST-5120 Acid Blast,PO-88010,Acid Black,3702,3702
2026-09-23,CWL-1,ST-4412 Dark Stone,PO-77101,Dark Blue,6948,6948
2026-09-23,CWL-1,ST-4430 Mid Blue,PO-77210,Mid Blue,6298,6298
2026-09-23,CWL-1,ST-5120 Acid Blast,PO-88010,Acid Black,3702,3702
2026-09-24,CWL-1,ST-4412 Dark Stone,PO-77101,Dark Blue,6948,6948
2026-09-24,CWL-1,ST-4430 Mid Blue,PO-77210,Mid Blue,6298,6298
2026-09-24,CWL-1,ST-5120 Acid Blast,PO-88010,Acid Black,3702,3702
2026-09-25,CWL-1,ST-4412 Dark Stone,PO-77101,Dark Blue,6948,6948
2026-09-25,CWL-1,ST-4430 Mid Blue,PO-77210,Mid Blue,6298,6298
2026-09-25,CWL-1,ST-5120 Acid Blast,PO-88010,Acid Black,3702,3702
2026-09-26,CWL-1,ST-4412 Dark Stone,PO-77101,Dark Blue,5379,6948
2026-09-26,CWL-1,ST-4430 Mid Blue,PO-77210,Mid Blue,6298,6298
2026-09-26,CWL-1,ST-5120 Acid Blast,PO-88010,Acid Black,3702,3702
2026-09-27,CWL-1,ST-4412 Dark Stone,PO-77101,Dark Blue,3810,6948
2026-09-27,CWL-1,ST-4430 Mid Blue,PO-77210,Mid Blue,6298,6298
2026-09-27,CWL-1,ST-5120 Acid Blast,PO-88010,Acid Black,3702,3702
2026-09-28,CWL-1,ST-4412 Dark Stone,PO-77101,Dark Blue,2241,5379
2026-09-28,CWL-1,ST-4430 Mid Blue,PO-77210,Mid Blue,6298,6298
2026-09-28,CWL-1,ST-5120 Acid Blast,PO-88010,Acid Black,3702,3702
2026-09-29,CWL-1,ST-4412 Dark Stone,PO-77101,Dark Blue,0,3810
2026-09-29,CWL-1,ST-4430 Mid Blue,PO-77210,Mid Blue,6298,6298
2026-09-29,CWL-1,ST-5120 Acid Blast,PO-88010,Acid Black,3702,3702
2026-09-30,CWL-1,ST-4412 Dark Stone,PO-77101,Dark Blue,0,2241
2026-09-30,CWL-1,ST-4430 Mid Blue,PO-77210,Mid Blue,6298,6298
2026-09-30,CWL-1,ST-5120 Acid Blast,PO-88010,Acid Black,2866,3702
2026-10-01,CWL-1,ST-4430 Mid Blue,PO-77210,Mid Blue,6298,6298
2026-10-01,CWL-1,ST-5120 Acid Blast,PO-88010,Acid Black,2030,3702
2026-10-02,CWL-1,ST-4430 Mid Blue,PO-77210,Mid Blue,6298,6298
2026-10-02,CWL-1,ST-5120 Acid Blast,PO-88010,Acid Black,1194,2866
2026-10-03,CWL-1,ST-4430 Mid Blue,PO-77210,Mid Blue,6298,6298
2026-10-03,CWL-1,ST-5120 Acid Blast,PO-88010,Acid Black,0,2030
2026-10-04,CWL-1,ST-4430 Mid Blue,PO-77210,Mid Blue,4876,6298
2026-10-04,CWL-1,ST-5120 Acid Blast,PO-88010,Acid Black,0,1194
2026-10-05,CWL-1,ST-4430 Mid Blue,PO-77210,Mid Blue,3454,6298
2026-10-06,CWL-1,ST-4430 Mid Blue,PO-77210,Mid Blue,2032,4876
2026-10-07,CWL-1,ST-4430 Mid Blue,PO-77210,Mid Blue,0,3454
2026-10-08,CWL-1,ST-4430 Mid Blue,PO-77210,Mid Blue,0,2032
