Unit,Machine_ID,Type,Plan_per_hr,Active
CWL-1,CWL-1-FL-01,F/L,32.1258,Y
CWL-1,CWL-1-FL-02,F/L,32.1258,Y
CWL-1,CWL-1-FL-03,F/L,32.1258,Y
CWL-1,CWL-1-FL-04,F/L,32.1258,Y
CWL-1,CWL-1-FL-05,F/L,32.1258,Y
CWL-1,CWL-1-FL-06,F/L,32.1258,Y
CWL-1,CWL-1-FL-07,F/L,32.1258,Y
CWL-1,CWL-1-FL-08,F/L,32.1258,Y
CWL-1,CWL-1-FL-09,F/L,32.1258,Y
CWL-1,CWL-1-FL-10,F/L,32.1258,Y
CWL-1,CWL-1-FL-11,F/L,32.1258,Y
CWL-1,CWL-1-FL-12,F/L,32.1258,Y
CWL-1,CWL-1-FL-13,F/L,32.1258,Y
CWL-1,CWL-1-FL-14,F/L,32.1258,Y
CWL-1,CWL-1-FL-15,F/L,32.1258,Y
CWL-1,CWL-1-FL-16,F/L,32.1258,Y
CWL-1,CWL-1-FL-17,F/L,32.1258,Y
CWL-1,CWL-1-FL-18,F/L,32.1258,Y
CWL-1,CWL-1-FL-19,F/L,32.1258,Y
CWL-1,CWL-1-FL-20,F/L,32.1258,Y
CWL-1,CWL-1-FL-21,F/L,32.1258,Y
CWL-1,CWL-1-FL-22,F/L,32.1258,Y
CWL-1,CWL-1-FL-23,F/L,32.1258,Y
CWL-1,CWL-1-FL-24,F/L,32.1258,Y
CWL-1,CWL-1-FL-25,F/L,32.1258,Y
CWL-1,CWL-1-FL-26,F/L,32.1258,Y
CWL-1,CWL-1-FL-27,F/L,32.1258,Y
CWL-1,CWL-1-FL-28,F/L,32.1258,Y
CWL-1,CWL-1-FL-29,F/L,32.1258,Y
CWL-1,CWL-1-FL-30,F/L,32.1258,Y
CWL-1,CWL-1-FL-31,F/L,32.1258,Y
CWL-1,CWL-1-FL-32,F/L,32.1258,Y
CWL-1,CWL-1-FL-33,F/L,32.1258,Y
CWL-1,CWL-1-FL-34,F/L,32.1258,Y
CWL-1,CWL-1-FL-35,F/L,32.1258,Y
CWL-1,CWL-1-FL-36,F/L,32.1258,Y
CWL-1,CWL-1-FL-37,F/L,32.1258,Y
CWL-1,CWL-1-AB-01,Acid B/L,32.1258,Y
CWL-1,CWL-1-AB-02,Acid B/L,32.1258,Y
CWL-1,CWL-1-AB-03,Acid B/L,32.1258,Y
CWL-1,CWL-1-AB-04,Acid B/L,32.1258,Y
CWL-1,CWL-1-BL-01,B/L,32.1258,Y
CWL-1,CWL-1-BL-02,B/L,32.1258,Y
CWL-1,CWL-1-BL-03,B/L,32.1258,Y
CWL-1,CWL-1-BL-04,B/L,32.1258,Y
CWL-1,CWL-1-BL-05,B/L,32.1258,Y
CWL-1,CWL-1-BL-06,B/L,32.1258,Y
CWL-1,CWL-1-BL-07,B/L,32.1258,Y
CWL-1,CWL-1-BL-08,B/L,32.1258,Y
CWL-1,CWL-1-BL-09,B/L,32.1258,Y
CWL-1,CWL-1-BL-10,B/L,32.1258,Y
CWL-1,CWL-1-BL-11,B/L,32.1258,Y
CWL-1,CWL-1-BL-12,B/L,32.1258,Y
