Wash_Plant,Buyer,Style,PO,Color,Wash_Type,CRD,CRD_Revisions,Updated_CRD,Sewing_Unit,Order_Qty,Plan_Start,Plan_End,Shade_Submit_Date,Shade_Approval_Date,Merchant,Remarks
CWL-1,H&M,ST-4412 Dark Stone,PO-77101,Dark Blue,Denim,2026-10-17,1,2026-10-20,TISWL-01,71500.0,2026-09-16,2026-09-28,2026-09-12,2026-09-16,Rahim Uddin,DEMO
CWL-1,Zara,ST-4412 Dark Stone,PO-77102,Black Stone,Denim,2026-10-22,0,,TISWL-02,70500.0,2026-09-24,2026-10-10,2026-09-20,2026-09-26,Sumaiya Akter,DEMO
CWL-1,H&M,ST-4412 Dark Stone,PO-77103,Dark Blue,Denim,2026-11-02,1,2026-11-12,TISWL-01,32100.0,2026-10-01,2026-10-14,2026-09-29,2026-10-03,Rahim Uddin,DEMO
CWL-1,Next,ST-4430 Mid Blue,PO-77210,Mid Blue,Denim,2026-10-19,2,2026-10-28,TISWL-03,115200.0,2026-09-16,2026-10-06,2026-09-13,2026-09-16,Tanvir Hasan,DEMO
CWL-1,Next,ST-4430 Mid Blue,PO-77211,Light Blue,Denim,2026-10-30,2,2026-11-03,TISWL-03,69800.0,2026-09-26,2026-10-16,2026-09-23,2026-09-27,Tanvir Hasan,DEMO
CWL-1,C&A,ST-4475 Vintage Wash,PO-77305,Vintage Indigo,Denim,2026-10-19,1,2026-10-26,TISWL-04,86500.0,2026-09-18,2026-10-04,2026-09-16,2026-09-19,Nusrat Jahan,DEMO
CWL-1,C&A,ST-4475 Vintage Wash,PO-77306,Vintage Grey,Denim,2026-11-03,1,2026-11-12,TISWL-04,62800.0,2026-09-30,2026-10-21,2026-09-26,2026-09-29,Nusrat Jahan,DEMO
CWL-1,Zara,ST-5120 Acid Blast,PO-88010,Acid Black,Acid,2026-10-13,2,2026-10-23,RGL,52900.0,2026-09-16,2026-10-02,2026-09-14,2026-09-17,Sumaiya Akter,DEMO
CWL-1,H&M,ST-5133 Snow Acid,PO-88055,Snow White,Acid,2026-10-19,3,2026-10-26,TISWL-02,44600.0,2026-09-22,2026-10-08,2026-09-20,,Rahim Uddin,DEMO
CWL-1,H&M,ST-5133 Snow Acid,PO-88056,Snow Grey,Acid,2026-11-07,2,2026-11-14,TISWL-02,25400.0,2026-10-04,2026-10-26,2026-10-01,2026-10-04,Rahim Uddin,DEMO
CWL-1,Tesco,ST-3307 Twill Rinse,PO-66120,Khaki,Twill,2026-10-19,0,,TISWL-03,38900.0,2026-09-16,2026-09-30,2026-09-12,2026-09-16,Tanvir Hasan,DEMO
CWL-1,Tesco,ST-3350 Twill Garment Dye,PO-66180,Olive,Twill,2026-10-23,3,2026-10-29,RGL,52100.0,2026-09-21,2026-10-12,2026-09-17,2026-09-23,Nusrat Jahan,DEMO
CWL-1,Next,ST-2285 Dye Black,PO-99040,Jet Black,Dyeing,2026-10-20,0,,TISWL-01,50300.0,2026-09-19,2026-10-07,2026-09-15,,Sumaiya Akter,DEMO
CWL-1,Next,ST-2285 Dye Black,PO-99041,Charcoal,Dyeing,2026-11-12,3,2026-11-16,TISWL-01,36800.0,2026-10-11,2026-10-31,2026-10-07,,Sumaiya Akter,DEMO
