Date,Unit,Stage,Opening_WIP,Remarks
2026-09-16,CWL-1,Laser Whisker,57,DEMO
2026-09-16,CWL-1,Laser Mark Destroy,79,DEMO
2026-09-16,CWL-1,Pattern Whisker,2769,DEMO
2026-09-16,CWL-1,Hand Sand (Front & Back),1735,DEMO
2026-09-16,CWL-1,Allover Hand Sand,102,DEMO
2026-09-16,CWL-1,Tagging,991,DEMO
2026-09-16,CWL-1,Grinding,389,DEMO
2026-09-16,CWL-1,Destruction,450,DEMO
2026-09-16,CWL-1,Cutting / Destroy,636,DEMO
2026-09-16,CWL-1,Air Blowing,280,DEMO
2026-09-16,CWL-1,PP Spray (Front & Back),638,DEMO
2026-09-16,CWL-1,Allover PP Spray,334,DEMO
2026-09-16,CWL-1,PP Rubbing,433,DEMO
2026-09-16,CWL-1,Machine 3D,259,DEMO
2026-09-16,CWL-1,Iron 3D,491,DEMO
2026-09-17,CWL-1,Laser Whisker,45,DEMO
2026-09-17,CWL-1,Laser Mark Destroy,100,DEMO
2026-09-17,CWL-1,Pattern Whisker,1109,DEMO
2026-09-17,CWL-1,Hand Sand (Front & Back),1052,DEMO
2026-09-17,CWL-1,Allover Hand Sand,113,DEMO
2026-09-17,CWL-1,Tagging,1347,DEMO
2026-09-17,CWL-1,Grinding,395,DEMO
2026-09-17,CWL-1,Destruction,492,DEMO
2026-09-17,CWL-1,Cutting / Destroy,863,DEMO
2026-09-17,CWL-1,Air Blowing,511,DEMO
2026-09-17,CWL-1,PP Spray (Front & Back),2155,DEMO
2026-09-17,CWL-1,Allover PP Spray,770,DEMO
2026-09-17,CWL-1,PP Rubbing,117,DEMO
2026-09-17,CWL-1,Machine 3D,610,DEMO
2026-09-17,CWL-1,Iron 3D,405,DEMO
2026-09-18,CWL-1,Laser Whisker,53,DEMO
2026-09-18,CWL-1,Laser Mark Destroy,98,DEMO
2026-09-18,CWL-1,Pattern Whisker,2013,DEMO
2026-09-18,CWL-1,Hand Sand (Front & Back),1018,DEMO
2026-09-18,CWL-1,Allover Hand Sand,127,DEMO
2026-09-18,CWL-1,Tagging,440,DEMO
2026-09-18,CWL-1,Grinding,207,DEMO
2026-09-18,CWL-1,Destruction,271,DEMO
2026-09-18,CWL-1,Cutting / Destroy,426,DEMO
2026-09-18,CWL-1,Air Blowing,940,DEMO
2026-09-18,CWL-1,PP Spray (Front & Back),744,DEMO
2026-09-18,CWL-1,Allover PP Spray,319,DEMO
2026-09-18,CWL-1,PP Rubbing,348,DEMO
2026-09-18,CWL-1,Machine 3D,510,DEMO
2026-09-18,CWL-1,Iron 3D,404,DEMO
2026-09-19,CWL-1,Laser Whisker,45,DEMO
2026-09-19,CWL-1,Laser Mark Destroy,181,DEMO
2026-09-19,CWL-1,Pattern Whisker,2121,DEMO
2026-09-19,CWL-1,Hand Sand (Front & Back),813,DEMO
2026-09-19,CWL-1,Allover Hand Sand,229,DEMO
2026-09-19,CWL-1,Tagging,1786,DEMO
2026-09-19,CWL-1,Grinding,528,DEMO
2026-09-19,CWL-1,Destruction,274,DEMO
2026-09-19,CWL-1,Cutting / Destroy,394,DEMO
2026-09-19,CWL-1,Air Blowing,956,DEMO
2026-09-19,CWL-1,PP Spray (Front & Back),2765,DEMO
2026-09-19,CWL-1,Allover PP Spray,313,DEMO
2026-09-19,CWL-1,PP Rubbing,278,DEMO
2026-09-19,CWL-1,Machine 3D,419,DEMO
2026-09-19,CWL-1,Iron 3D,393,DEMO
2026-09-20,CWL-1,Laser Whisker,57,DEMO
2026-09-20,CWL-1,Laser Mark Destroy,92,DEMO
2026-09-20,CWL-1,Pattern Whisker,2961,DEMO
2026-09-20,CWL-1,Hand Sand (Front & Back),1365,DEMO
2026-09-20,CWL-1,Allover Hand Sand,150,DEMO
2026-09-20,CWL-1,Tagging,1476,DEMO
2026-09-20,CWL-1,Grinding,715,DEMO
2026-09-20,CWL-1,Destruction,536,DEMO
2026-09-20,CWL-1,Cutting / Destroy,481,DEMO
2026-09-20,CWL-1,Air Blowing,768,DEMO
2026-09-20,CWL-1,PP Spray (Front & Back),2768,DEMO
2026-09-20,CWL-1,Allover PP Spray,212,DEMO
2026-09-20,CWL-1,PP Rubbing,148,DEMO
2026-09-20,CWL-1,Machine 3D,405,DEMO
2026-09-20,CWL-1,Iron 3D,393,DEMO
2026-09-21,CWL-1,Laser Whisker,77,DEMO
2026-09-21,CWL-1,Laser Mark Destroy,93,DEMO
2026-09-21,CWL-1,Pattern Whisker,1628,DEMO
2026-09-21,CWL-1,Hand Sand (Front & Back),1082,DEMO
2026-09-21,CWL-1,Allover Hand Sand,241,DEMO
2026-09-21,CWL-1,Tagging,1798,DEMO
2026-09-21,CWL-1,Grinding,260,DEMO
2026-09-21,CWL-1,Destruction,184,DEMO
2026-09-21,CWL-1,Cutting / Destroy,481,DEMO
2026-09-21,CWL-1,Air Blowing,603,DEMO
2026-09-21,CWL-1,PP Spray (Front & Back),1714,DEMO
2026-09-21,CWL-1,Allover PP Spray,585,DEMO
2026-09-21,CWL-1,PP Rubbing,158,DEMO
2026-09-21,CWL-1,Machine 3D,636,DEMO
2026-09-21,CWL-1,Iron 3D,370,DEMO
2026-09-22,CWL-1,Laser Whisker,74,DEMO
2026-09-22,CWL-1,Laser Mark Destroy,139,DEMO
2026-09-22,CWL-1,Pattern Whisker,2109,DEMO
2026-09-22,CWL-1,Hand Sand (Front & Back),691,DEMO
2026-09-22,CWL-1,Allover Hand Sand,99,DEMO
2026-09-22,CWL-1,Tagging,1002,DEMO
2026-09-22,CWL-1,Grinding,578,DEMO
2026-09-22,CWL-1,Destruction,219,DEMO
2026-09-22,CWL-1,Cutting / Destroy,460,DEMO
2026-09-22,CWL-1,Air Blowing,680,DEMO
2026-09-22,CWL-1,PP Spray (Front & Back),649,DEMO
2026-09-22,CWL-1,Allover PP Spray,546,DEMO
2026-09-22,CWL-1,PP Rubbing,208,DEMO
2026-09-22,CWL-1,Machine 3D,680,DEMO
2026-09-22,CWL-1,Iron 3D,389,DEMO
2026-09-23,CWL-1,Laser Whisker,44,DEMO
2026-09-23,CWL-1,Laser Mark Destroy,111,DEMO
2026-09-23,CWL-1,Pattern Whisker,1631,DEMO
2026-09-23,CWL-1,Hand Sand (Front & Back),1095,DEMO
2026-09-23,CWL-1,Allover Hand Sand,199,DEMO
2026-09-23,CWL-1,Tagging,869,DEMO
2026-09-23,CWL-1,Grinding,210,DEMO
2026-09-23,CWL-1,Destruction,230,DEMO
2026-09-23,CWL-1,Cutting / Destroy,380,DEMO
2026-09-23,CWL-1,Air Blowing,291,DEMO
2026-09-23,CWL-1,PP Spray (Front & Back),858,DEMO
2026-09-23,CWL-1,Allover PP Spray,492,DEMO
2026-09-23,CWL-1,PP Rubbing,421,DEMO
2026-09-23,CWL-1,Machine 3D,746,DEMO
2026-09-23,CWL-1,Iron 3D,388,DEMO
2026-09-24,CWL-1,Laser Whisker,52,DEMO
2026-09-24,CWL-1,Laser Mark Destroy,103,DEMO
2026-09-24,CWL-1,Pattern Whisker,2534,DEMO
2026-09-24,CWL-1,Hand Sand (Front & Back),1952,DEMO
2026-09-24,CWL-1,Allover Hand Sand,142,DEMO
2026-09-24,CWL-1,Tagging,797,DEMO
2026-09-24,CWL-1,Grinding,270,DEMO
2026-09-24,CWL-1,Destruction,163,DEMO
2026-09-24,CWL-1,Cutting / Destroy,391,DEMO
2026-09-24,CWL-1,Air Blowing,901,DEMO
2026-09-24,CWL-1,PP Spray (Front & Back),2424,DEMO
2026-09-24,CWL-1,Allover PP Spray,408,DEMO
2026-09-24,CWL-1,PP Rubbing,192,DEMO
2026-09-24,CWL-1,Machine 3D,228,DEMO
2026-09-24,CWL-1,Iron 3D,605,DEMO
2026-09-25,CWL-1,Laser Whisker,76,DEMO
2026-09-25,CWL-1,Laser Mark Destroy,107,DEMO
2026-09-25,CWL-1,Pattern Whisker,756,DEMO
2026-09-25,CWL-1,Hand Sand (Front & Back),1984,DEMO
2026-09-25,CWL-1,Allover Hand Sand,213,DEMO
2026-09-25,CWL-1,Tagging,1343,DEMO
2026-09-25,CWL-1,Grinding,266,DEMO
2026-09-25,CWL-1,Destruction,254,DEMO
2026-09-25,CWL-1,Cutting / Destroy,560,DEMO
2026-09-25,CWL-1,Air Blowing,276,DEMO
2026-09-25,CWL-1,PP Spray (Front & Back),2033,DEMO
2026-09-25,CWL-1,Allover PP Spray,397,DEMO
2026-09-25,CWL-1,PP Rubbing,347,DEMO
2026-09-25,CWL-1,Machine 3D,625,DEMO
2026-09-25,CWL-1,Iron 3D,165,DEMO
2026-09-26,CWL-1,Laser Whisker,65,DEMO
2026-09-26,CWL-1,Laser Mark Destroy,157,DEMO
2026-09-26,CWL-1,Pattern Whisker,1653,DEMO
2026-09-26,CWL-1,Hand Sand (Front & Back),815,DEMO
2026-09-26,CWL-1,Allover Hand Sand,204,DEMO
2026-09-26,CWL-1,Tagging,1602,DEMO
2026-09-26,CWL-1,Grinding,201,DEMO
2026-09-26,CWL-1,Destruction,262,DEMO
2026-09-26,CWL-1,Cutting / Destroy,258,DEMO
2026-09-26,CWL-1,Air Blowing,313,DEMO
2026-09-26,CWL-1,PP Spray (Front & Back),2328,DEMO
2026-09-26,CWL-1,Allover PP Spray,537,DEMO
2026-09-26,CWL-1,PP Rubbing,302,DEMO
2026-09-26,CWL-1,Machine 3D,538,DEMO
2026-09-26,CWL-1,Iron 3D,347,DEMO
2026-09-27,CWL-1,Laser Whisker,50,DEMO
2026-09-27,CWL-1,Laser Mark Destroy,230,DEMO
2026-09-27,CWL-1,Pattern Whisker,773,DEMO
2026-09-27,CWL-1,Hand Sand (Front & Back),2173,DEMO
2026-09-27,CWL-1,Allover Hand Sand,192,DEMO
2026-09-27,CWL-1,Tagging,927,DEMO
2026-09-27,CWL-1,Grinding,287,DEMO
2026-09-27,CWL-1,Destruction,468,DEMO
2026-09-27,CWL-1,Cutting / Destroy,511,DEMO
2026-09-27,CWL-1,Air Blowing,337,DEMO
2026-09-27,CWL-1,PP Spray (Front & Back),1003,DEMO
2026-09-27,CWL-1,Allover PP Spray,679,DEMO
2026-09-27,CWL-1,PP Rubbing,205,DEMO
2026-09-27,CWL-1,Machine 3D,156,DEMO
2026-09-27,CWL-1,Iron 3D,629,DEMO
2026-09-28,CWL-1,Laser Whisker,61,DEMO
2026-09-28,CWL-1,Laser Mark Destroy,145,DEMO
2026-09-28,CWL-1,Pattern Whisker,2809,DEMO
2026-09-28,CWL-1,Hand Sand (Front & Back),805,DEMO
2026-09-28,CWL-1,Allover Hand Sand,101,DEMO
2026-09-28,CWL-1,Tagging,1277,DEMO
2026-09-28,CWL-1,Grinding,754,DEMO
2026-09-28,CWL-1,Destruction,213,DEMO
2026-09-28,CWL-1,Cutting / Destroy,667,DEMO
2026-09-28,CWL-1,Air Blowing,675,DEMO
2026-09-28,CWL-1,PP Spray (Front & Back),1258,DEMO
2026-09-28,CWL-1,Allover PP Spray,399,DEMO
2026-09-28,CWL-1,PP Rubbing,113,DEMO
2026-09-28,CWL-1,Machine 3D,224,DEMO
2026-09-28,CWL-1,Iron 3D,538,DEMO
2026-09-29,CWL-1,Laser Whisker,31,DEMO
2026-09-29,CWL-1,Laser Mark Destroy,152,DEMO
2026-09-29,CWL-1,Pattern Whisker,1430,DEMO
2026-09-29,CWL-1,Hand Sand (Front & Back),1661,DEMO
2026-09-29,CWL-1,Allover Hand Sand,103,DEMO
2026-09-29,CWL-1,Tagging,988,DEMO
2026-09-29,CWL-1,Grinding,759,DEMO
2026-09-29,CWL-1,Destruction,332,DEMO
2026-09-29,CWL-1,Cutting / Destroy,636,DEMO
2026-09-29,CWL-1,Air Blowing,561,DEMO
2026-09-29,CWL-1,PP Spray (Front & Back),840,DEMO
2026-09-29,CWL-1,Allover PP Spray,301,DEMO
2026-09-29,CWL-1,PP Rubbing,206,DEMO
2026-09-29,CWL-1,Machine 3D,307,DEMO
2026-09-29,CWL-1,Iron 3D,291,DEMO
2026-09-30,CWL-1,Laser Whisker,60,DEMO
2026-09-30,CWL-1,Laser Mark Destroy,96,DEMO
2026-09-30,CWL-1,Pattern Whisker,1759,DEMO
2026-09-30,CWL-1,Hand Sand (Front & Back),1727,DEMO
2026-09-30,CWL-1,Allover Hand Sand,118,DEMO
2026-09-30,CWL-1,Tagging,1327,DEMO
2026-09-30,CWL-1,Grinding,781,DEMO
2026-09-30,CWL-1,Destruction,448,DEMO
2026-09-30,CWL-1,Cutting / Destroy,192,DEMO
2026-09-30,CWL-1,Air Blowing,944,DEMO
2026-09-30,CWL-1,PP Spray (Front & Back),2052,DEMO
2026-09-30,CWL-1,Allover PP Spray,308,DEMO
2026-09-30,CWL-1,PP Rubbing,131,DEMO
2026-09-30,CWL-1,Machine 3D,574,DEMO
2026-09-30,CWL-1,Iron 3D,479,DEMO
2026-10-01,CWL-1,Laser Whisker,67,DEMO
2026-10-01,CWL-1,Laser Mark Destroy,156,DEMO
2026-10-01,CWL-1,Pattern Whisker,2274,DEMO
2026-10-01,CWL-1,Hand Sand (Front & Back),2398,DEMO
2026-10-01,CWL-1,Allover Hand Sand,118,DEMO
2026-10-01,CWL-1,Tagging,1711,DEMO
2026-10-01,CWL-1,Grinding,354,DEMO
2026-10-01,CWL-1,Destruction,535,DEMO
2026-10-01,CWL-1,Cutting / Destroy,859,DEMO
2026-10-01,CWL-1,Air Blowing,760,DEMO
2026-10-01,CWL-1,PP Spray (Front & Back),1171,DEMO
2026-10-01,CWL-1,Allover PP Spray,370,DEMO
2026-10-01,CWL-1,PP Rubbing,243,DEMO
2026-10-01,CWL-1,Machine 3D,517,DEMO
2026-10-01,CWL-1,Iron 3D,379,DEMO
2026-10-02,CWL-1,Laser Whisker,70,DEMO
2026-10-02,CWL-1,Laser Mark Destroy,117,DEMO
2026-10-02,CWL-1,Pattern Whisker,1316,DEMO
2026-10-02,CWL-1,Hand Sand (Front & Back),2128,DEMO
2026-10-02,CWL-1,Allover Hand Sand,220,DEMO
2026-10-02,CWL-1,Tagging,1502,DEMO
2026-10-02,CWL-1,Grinding,570,DEMO
2026-10-02,CWL-1,Destruction,295,DEMO
2026-10-02,CWL-1,Cutting / Destroy,437,DEMO
2026-10-02,CWL-1,Air Blowing,901,DEMO
2026-10-02,CWL-1,PP Spray (Front & Back),1979,DEMO
2026-10-02,CWL-1,Allover PP Spray,237,DEMO
2026-10-02,CWL-1,PP Rubbing,202,DEMO
2026-10-02,CWL-1,Machine 3D,418,DEMO
2026-10-02,CWL-1,Iron 3D,302,DEMO
2026-10-03,CWL-1,Laser Whisker,34,DEMO
2026-10-03,CWL-1,Laser Mark Destroy,114,DEMO
2026-10-03,CWL-1,Pattern Whisker,1017,DEMO
2026-10-03,CWL-1,Hand Sand (Front & Back),2167,DEMO
2026-10-03,CWL-1,Allover Hand Sand,169,DEMO
2026-10-03,CWL-1,Tagging,1546,DEMO
2026-10-03,CWL-1,Grinding,585,DEMO
2026-10-03,CWL-1,Destruction,258,DEMO
2026-10-03,CWL-1,Cutting / Destroy,477,DEMO
2026-10-03,CWL-1,Air Blowing,249,DEMO
2026-10-03,CWL-1,PP Spray (Front & Back),1982,DEMO
2026-10-03,CWL-1,Allover PP Spray,316,DEMO
2026-10-03,CWL-1,PP Rubbing,178,DEMO
2026-10-03,CWL-1,Machine 3D,449,DEMO
2026-10-03,CWL-1,Iron 3D,640,DEMO
2026-10-04,CWL-1,Laser Whisker,70,DEMO
2026-10-04,CWL-1,Laser Mark Destroy,152,DEMO
2026-10-04,CWL-1,Pattern Whisker,2816,DEMO
2026-10-04,CWL-1,Hand Sand (Front & Back),1272,DEMO
2026-10-04,CWL-1,Allover Hand Sand,70,DEMO
2026-10-04,CWL-1,Tagging,1881,DEMO
2026-10-04,CWL-1,Grinding,502,DEMO
2026-10-04,CWL-1,Destruction,174,DEMO
2026-10-04,CWL-1,Cutting / Destroy,729,DEMO
2026-10-04,CWL-1,Air Blowing,514,DEMO
2026-10-04,CWL-1,PP Spray (Front & Back),1102,DEMO
2026-10-04,CWL-1,Allover PP Spray,276,DEMO
2026-10-04,CWL-1,PP Rubbing,484,DEMO
2026-10-04,CWL-1,Machine 3D,474,DEMO
2026-10-04,CWL-1,Iron 3D,575,DEMO
2026-10-05,CWL-1,Laser Whisker,24,DEMO
2026-10-05,CWL-1,Laser Mark Destroy,56,DEMO
2026-10-05,CWL-1,Pattern Whisker,2982,DEMO
2026-10-05,CWL-1,Hand Sand (Front & Back),1821,DEMO
2026-10-05,CWL-1,Allover Hand Sand,139,DEMO
2026-10-05,CWL-1,Tagging,890,DEMO
2026-10-05,CWL-1,Grinding,518,DEMO
2026-10-05,CWL-1,Destruction,226,DEMO
2026-10-05,CWL-1,Cutting / Destroy,345,DEMO
2026-10-05,CWL-1,Air Blowing,856,DEMO
2026-10-05,CWL-1,PP Spray (Front & Back),1975,DEMO
2026-10-05,CWL-1,Allover PP Spray,818,DEMO
2026-10-05,CWL-1,PP Rubbing,412,DEMO
2026-10-05,CWL-1,Machine 3D,296,DEMO
2026-10-05,CWL-1,Iron 3D,532,DEMO
2026-10-06,CWL-1,Laser Whisker,22,DEMO
2026-10-06,CWL-1,Laser Mark Destroy,156,DEMO
2026-10-06,CWL-1,Pattern Whisker,988,DEMO
2026-10-06,CWL-1,Hand Sand (Front & Back),1825,DEMO
2026-10-06,CWL-1,Allover Hand Sand,198,DEMO
2026-10-06,CWL-1,Tagging,966,DEMO
2026-10-06,CWL-1,Grinding,652,DEMO
2026-10-06,CWL-1,Destruction,215,DEMO
2026-10-06,CWL-1,Cutting / Destroy,384,DEMO
2026-10-06,CWL-1,Air Blowing,431,DEMO
2026-10-06,CWL-1,PP Spray (Front & Back),978,DEMO
2026-10-06,CWL-1,Allover PP Spray,700,DEMO
2026-10-06,CWL-1,PP Rubbing,409,DEMO
2026-10-06,CWL-1,Machine 3D,412,DEMO
2026-10-06,CWL-1,Iron 3D,645,DEMO
2026-09-16,CWL-1,WASH,106939,DEMO
2026-09-17,CWL-1,WASH,141368,carry-forward
2026-09-18,CWL-1,WASH,165098,carry-forward
2026-09-19,CWL-1,WASH,172474,carry-forward
2026-09-20,CWL-1,WASH,176889,carry-forward
2026-09-21,CWL-1,WASH,178220,carry-forward
2026-09-22,CWL-1,WASH,182683,carry-forward
2026-09-23,CWL-1,WASH,188555,carry-forward
2026-09-24,CWL-1,WASH,191832,carry-forward
2026-09-25,CWL-1,WASH,198647,carry-forward
2026-09-26,CWL-1,WASH,202150,carry-forward
2026-09-27,CWL-1,WASH,207424,carry-forward
2026-09-28,CWL-1,WASH,209603,carry-forward
2026-09-29,CWL-1,WASH,206540,carry-forward
2026-09-30,CWL-1,WASH,205596,carry-forward
2026-10-01,CWL-1,WASH,207559,carry-forward
2026-10-02,CWL-1,WASH,210597,carry-forward
2026-10-03,CWL-1,WASH,210316,carry-forward
2026-10-04,CWL-1,WASH,208769,carry-forward
2026-10-05,CWL-1,WASH,205884,carry-forward
2026-10-06,CWL-1,WASH,188976,carry-forward
